post_id,influencer_id,platform,post_date,post_url,caption,reach,likes,comments
1,1,Instagram,2025-05-26 03:48:23,http://instagram.com/post/1,Just military building different full open discover detail audience piece director town teacher audience draw protect.,200916,9998,462
2,1,Instagram,2025-03-02 13:34:16,http://instagram.com/post/2,Car very number line six space couple best issue interest level rock pull worker better I fund technology eat.,259411,7577,147
3,1,Instagram,2025-02-25 21:35:34,http://instagram.com/post/3,Large instead everything economic type kitchen technology nearly anything yourself structure why unit support coach magazine degree husband around.,210610,10077,154
4,1,Instagram,2025-04-03 13:17:52,http://instagram.com/post/4,World enter six lawyer institution whatever yet new responsibility.,278833,26275,759
5,1,Instagram,2025-02-19 00:33:38,http://instagram.com/post/5,Father why often my security arm once me system church whether bag.,240210,30020,528
6,1,Instagram,2025-02-25 01:09:44,http://instagram.com/post/6,Organization push dog build three east organization people information on.,64189,4880,131
7,1,Instagram,2025-05-01 11:29:57,http://instagram.com/post/7,Various daughter respond draw how public feel first sell authority leader your you available defense.,158918,18240,673
8,2,Instagram,2025-03-12 11:04:43,http://instagram.com/post/8,Value thing these hard citizen street region particularly would pressure account.,12815,927,21
9,2,Instagram,2025-06-27 15:08:11,http://instagram.com/post/9,Federal professional voice care break blood network evening painting response data plant enough major town suffer begin interest everybody.,51591,2699,47
10,2,Instagram,2025-01-20 15:40:45,http://instagram.com/post/10,Side PM energy scientist necessary into act away third tough nation strong old challenge camera.,30606,2290,48
11,2,Instagram,2025-03-20 19:44:35,http://instagram.com/post/11,Together someone team together decide economic bill sister this image per choice upon ten wish.,20506,2871,79
12,2,Instagram,2025-06-26 09:37:31,http://instagram.com/post/12,Thing agent say forward us soon ten specific environment skin blue the.,51574,4721,56
13,2,Instagram,2025-07-05 16:29:23,http://instagram.com/post/13,Develop staff least figure somebody dinner age cover foreign ten whom evidence political hundred wonder movie voice boy.,58582,7538,367
14,2,Instagram,2025-03-11 16:30:22,http://instagram.com/post/14,Oil worker although others generation skill job worker break tonight couple and.,54877,7152,119
15,3,Instagram,2025-04-14 15:19:50,http://instagram.com/post/15,Mind southern rather vote say culture issue we TV.,129888,17197,792
16,3,Instagram,2025-05-20 23:16:11,http://instagram.com/post/16,Professional by tonight medical project for recent never court professor here security community notice image.,65124,1320,33
17,3,Instagram,2025-06-30 20:35:46,http://instagram.com/post/17,Fight decision size parent focus kid put memory soldier.,220915,26966,577
18,3,Instagram,2025-06-23 12:53:58,http://instagram.com/post/18,Probably exist professional people behavior weight dog financial southern challenge animal worker.,173899,19992,826
19,3,Instagram,2025-05-18 15:53:54,http://instagram.com/post/19,Lay though offer responsibility himself hundred challenge reach throughout team.,166799,13888,244
20,4,Instagram,2025-07-10 21:43:20,http://instagram.com/post/20,Sing despite sound receive let newspaper true building card let.,39491,3763,119
21,4,Instagram,2025-05-03 02:24:33,http://instagram.com/post/21,Other wear through partner rest measure store natural today season listen else easy point she miss phone ever back.,31726,870,29
22,4,Instagram,2025-03-16 10:44:41,http://instagram.com/post/22,Even floor music catch discuss really relationship ask imagine my indeed deal information.,23102,3022,49
23,5,Instagram,2025-07-14 16:00:29,http://instagram.com/post/23,Watch affect thing offer local wall fear hope through structure Mrs same son today major event magazine home protect something.,45508,2009,67
24,5,Instagram,2025-06-09 14:05:06,http://instagram.com/post/24,Subject try wonder move trade option production base investment term consider employee.,161264,8156,120
25,5,Instagram,2025-03-24 12:43:45,http://instagram.com/post/25,Lawyer front they everything week instead strong like see appear weight difference attention.,203099,10562,356
26,5,Instagram,2025-05-26 12:33:07,http://instagram.com/post/26,Senior wear current after charge call prove nor design.,150404,11204,373
27,5,Instagram,2025-06-04 18:53:53,http://instagram.com/post/27,Short cold parent security boy standard who blue agent find quality when however.,131614,18624,338
28,5,Instagram,2025-06-07 19:21:55,http://instagram.com/post/28,Away real physical big significant sure outside building worker site girl into.,169235,8635,223
29,6,YouTube,2025-04-01 22:08:26,http://youtube.com/post/29,Media game support state black whether player stock religious itself.,62647,4976,234
30,6,YouTube,2025-06-11 10:53:21,http://youtube.com/post/30,Whole establish space Mrs low itself room environmental system store beautiful think during let particular her agreement surface.,85393,1811,63
31,6,YouTube,2025-02-24 06:35:25,http://youtube.com/post/31,Deep something future they red everybody act way beat result major serve real position make society behavior develop.,56180,1853,58
32,6,YouTube,2025-06-03 07:07:01,http://youtube.com/post/32,Fill ok list most international second former reflect even edge building court build.,51705,1924,46
33,6,YouTube,2025-05-04 00:27:44,http://youtube.com/post/33,Course school everybody operation set others wonder strategy fast guess few remain.,17448,903,19
34,6,YouTube,2025-02-13 13:04:28,http://youtube.com/post/34,Animal approach factor want point sell bill activity expect long future whole education technology.,46399,4204,92
35,6,YouTube,2025-02-11 02:50:23,http://youtube.com/post/35,Husband available picture approach chance none fight yes budget share.,89165,11138,347
36,7,YouTube,2025-05-17 16:48:01,http://youtube.com/post/36,So difficult mission late kind team wrong figure perform participant science way debate decision produce church community avoid able late.,270985,15966,583
37,7,YouTube,2025-05-15 06:30:57,http://youtube.com/post/37,Fact discuss religious reflect law reach under skin person product value interesting name positive training step author coach.,304986,11424,166
38,7,YouTube,2025-03-20 16:43:48,http://youtube.com/post/38,See notice eye buy read record wall matter management ball always it focus economy before while structure offer week yourself.,72810,6692,139
39,7,YouTube,2025-05-30 12:12:52,http://youtube.com/post/39,Office several compare million kind everything young job sport why like impact fly bit.,211741,23988,435
40,7,YouTube,2025-02-20 04:39:12,http://youtube.com/post/40,In many production hundred set already because education break significant ten stay ability thank left.,219948,11947,352
41,7,YouTube,2025-01-30 11:45:52,http://youtube.com/post/41,Million performance material kind appear environment capital explain thing machine ahead picture.,295610,38427,526
42,7,YouTube,2025-06-24 04:13:38,http://youtube.com/post/42,Report financial add impact different success box water positive child usually factor relate.,161154,9019,91
43,8,YouTube,2025-04-10 15:28:50,http://youtube.com/post/43,Woman during necessary himself two meet these tell everybody so increase various meet star executive fear only your.,33932,5000,82
44,8,YouTube,2025-04-25 01:02:40,http://youtube.com/post/44,Land machine forward several help usually thank wonder draw him task.,71006,7933,257
45,8,YouTube,2025-04-09 17:30:21,http://youtube.com/post/45,Fish list tree high write society present charge who.,31674,4524,170
46,8,YouTube,2025-02-13 11:30:19,http://youtube.com/post/46,Whole forward beyond suddenly between treat address century that wide avoid sit enter perhaps however bag forget purpose.,36106,891,22
47,8,YouTube,2025-05-03 14:00:55,http://youtube.com/post/47,West phone thought maintain must pay doctor range explain dinner bed within set region beyond coach.,84201,6388,74
48,8,YouTube,2025-03-19 02:46:06,http://youtube.com/post/48,Animal someone fall hear certainly most not society color.,61806,8733,426
49,8,YouTube,2025-02-04 07:10:28,http://youtube.com/post/49,That people drive tree central leave effect effort act source top quality citizen kid generation onto police interesting economic suddenly.,23094,1536,57
50,8,YouTube,2025-02-27 15:34:25,http://youtube.com/post/50,Table blood high grow fast recognize against stop how account ten sing wind treat seat strategy.,97839,6455,209
51,9,Instagram,2025-07-14 07:08:13,http://instagram.com/post/51,Simply discover soon despite couple economy sense should race carry best physical always small.,147584,14859,240
52,9,Instagram,2025-01-26 10:38:42,http://instagram.com/post/52,Half capital travel force indeed customer skill theory hand maybe evening clearly trial want whose far that sound life away.,285495,37799,1853
53,9,Instagram,2025-06-15 09:45:21,http://instagram.com/post/53,Team right woman whose source hand so add Mr lawyer pull public once.,254117,34200,375
54,9,Instagram,2025-06-28 15:53:51,http://instagram.com/post/54,Board doctor agent this no trip determine as statement travel few impact cause watch fight manage.,234568,14820,699
55,9,Instagram,2025-02-07 20:06:10,http://instagram.com/post/55,Thought career law provide sea watch industry score choice increase between majority impact.,251868,33329,1414
56,9,Instagram,2025-03-15 06:50:19,http://instagram.com/post/56,Real describe know door guy wonder happen top population.,110815,13559,194
57,9,Instagram,2025-01-31 17:20:20,http://instagram.com/post/57,Every why we station begin deep police wife anything four writer skin day stop never only.,270291,35574,672
58,9,Instagram,2025-06-26 20:15:24,http://instagram.com/post/58,Forget challenge too able teach certain candidate economy company produce ago address so.,255649,20410,453
59,10,Instagram,2025-03-07 03:59:48,http://instagram.com/post/59,Food company appear score moment second live sing message board mean war analysis situation term miss leader who article look.,136064,6664,242
60,10,Instagram,2025-04-07 22:49:38,http://instagram.com/post/60,Rather make travel available ball part assume every plan nature foot yes most law painting between reduce.,73305,4121,52
61,10,Instagram,2025-07-04 13:27:26,http://instagram.com/post/61,Result Democrat later direction fund law indeed believe interview professor hear check type attack story behavior benefit school speech.,123058,8078,245
62,10,Instagram,2025-05-08 00:01:51,http://instagram.com/post/62,Only no form business government program seek test return why.,110607,14343,333
63,10,Instagram,2025-05-16 13:16:08,http://instagram.com/post/63,Goal official defense prevent difference board suddenly happen several off southern suddenly window stand.,24082,3227,65
64,10,Instagram,2025-05-19 02:36:50,http://instagram.com/post/64,Ago upon stop environment Congress reflect finally fund accept thank not husband center plan air second Democrat information game.,97477,14413,166
65,10,Instagram,2025-04-01 19:43:39,http://instagram.com/post/65,Return since nothing be apply church pay purpose evening product magazine kind event sense.,99598,6467,268
66,10,Instagram,2025-02-11 01:34:59,http://instagram.com/post/66,Involve exist question main project animal house out account feeling deep case eight foreign account.,78339,11590,169
67,11,YouTube,2025-06-14 00:29:36,http://youtube.com/post/67,Compare herself region matter street south author technology amount affect TV television office of remember individual boy.,71877,1852,50
68,11,YouTube,2025-01-24 00:21:13,http://youtube.com/post/68,Commercial way least ready gun join black job hundred bad that second develop single baby.,140811,17579,658
69,11,YouTube,2025-05-22 22:11:46,http://youtube.com/post/69,Most create simply go when population challenge bill eight community check.,228659,26482,473
70,11,YouTube,2025-06-16 09:03:42,http://youtube.com/post/70,Concern significant management senior service large under north play person.,122290,17530,820
71,11,YouTube,2025-07-06 18:50:15,http://youtube.com/post/71,Firm key light place someone option goal avoid left also hard expert popular within bed order his oil west school American.,162387,17252,258
72,11,YouTube,2025-07-15 11:38:06,http://youtube.com/post/72,Prepare focus little character artist billion tonight gas research mean common easy just keep mission city health executive impact.,220255,18925,694
73,12,YouTube,2025-03-26 16:03:37,http://youtube.com/post/73,Appear piece free form newspaper hit edge surface who owner character bank professional true financial prevent product can remember be.,103455,6045,91
74,12,YouTube,2025-05-08 11:55:15,http://youtube.com/post/74,Poor foreign campaign reflect water young treatment behavior provide meet adult final week game she court.,106812,15193,563
75,12,YouTube,2025-02-15 16:15:22,http://youtube.com/post/75,Baby such big side strong this also from short capital heavy.,196525,19655,433
76,12,YouTube,2025-02-20 11:16:55,http://youtube.com/post/76,Story side speak close join improve put down know expect security large.,130524,2617,56
77,13,Instagram,2025-05-03 15:49:39,http://instagram.com/post/77,Finally speak light strong happy water worker left example high month whom stage.,414606,40990,938
78,13,Instagram,2025-06-24 13:17:38,http://instagram.com/post/78,Catch economic political them never bill suffer surface expect several evening town challenge join watch develop later glass ago apply.,262826,28340,862
79,13,Instagram,2025-04-27 10:40:40,http://instagram.com/post/79,Dog yes heart agreement us stuff practice social case expert stop receive catch relationship large accept.,418126,60535,2387
80,13,Instagram,2025-02-04 08:22:26,http://instagram.com/post/80,Eight strong nature road month book explain feeling answer.,358607,20401,745
81,13,Instagram,2025-04-11 11:41:02,http://instagram.com/post/81,Lead book toward others administration middle drop century investment pass drive indicate professor beat window attack moment medical write never.,341138,10964,527
82,14,YouTube,2025-04-05 18:48:05,http://youtube.com/post/82,Analysis hit health section ground attack drop price billion old series card good full poor store range wonder.,165331,8134,146
83,14,YouTube,2025-04-22 21:16:19,http://youtube.com/post/83,Consider care respond want already cut social though firm financial huge spring list already positive experience television answer pretty event son.,35654,1847,53
84,14,YouTube,2025-04-14 19:29:46,http://youtube.com/post/84,Sea thus hit wind many marriage under mind song risk bad own state nation fly bag.,200720,5914,157
85,15,Instagram,2025-05-28 07:15:43,http://instagram.com/post/85,Fill owner international ready goal amount thank good your ever woman way avoid point.,166767,18908,479
86,15,Instagram,2025-03-31 12:18:28,http://instagram.com/post/86,Song quickly well central parent sit alone attack sing hand him note painting quickly we head several off.,126529,4957,185
87,15,Instagram,2025-05-02 18:37:01,http://instagram.com/post/87,Huge power economic box save material hit no energy employee land you experience trouble make.,239231,31544,1432
88,15,Instagram,2025-02-12 18:41:13,http://instagram.com/post/88,Table later together knowledge because radio suffer floor girl assume my.,213115,10325,435
89,15,Instagram,2025-07-12 01:03:43,http://instagram.com/post/89,Surface Republican until point soldier meeting building cut catch so ago network hard sound.,194254,15616,504
90,15,Instagram,2025-05-07 02:00:58,http://instagram.com/post/90,Partner beat finally yourself rest moment shoulder statement available win politics.,244902,8761,134
91,15,Instagram,2025-04-17 08:11:18,http://instagram.com/post/91,Quite general there sister policy consider whom item treat area buy check clearly follow remember generation wait.,141386,12590,407
92,16,Instagram,2025-07-12 17:48:44,http://instagram.com/post/92,Suffer economy play nearly by field move maybe collection walk child probably result painting.,325349,44210,1525
93,16,Instagram,2025-07-02 13:37:46,http://instagram.com/post/93,American tell ball we side enough decision occur peace air threat nation politics few each southern image law read.,257335,22033,952
94,16,Instagram,2025-02-19 15:51:48,http://instagram.com/post/94,Indeed less future century technology floor write generation human set middle blood drop business last cell anything.,206817,28258,1123
95,16,Instagram,2025-04-04 13:25:23,http://instagram.com/post/95,Industry while total spend value return couple city you level these market bed hotel lead drive on any example our.,185244,9946,197
96,17,YouTube,2025-07-02 15:07:09,http://youtube.com/post/96,Experience account blue care enough hand idea and anything no guy eye hit late near stay perhaps particularly.,42244,5115,150
97,17,YouTube,2025-02-13 22:46:12,http://youtube.com/post/97,Hour some fund voice sense current meeting matter and case.,38515,2972,114
98,17,YouTube,2025-03-25 15:14:14,http://youtube.com/post/98,Mind chance throw cause use five hotel pattern successful order medical meeting majority none little admit former body.,38049,2422,110
99,17,YouTube,2025-04-10 20:22:25,http://youtube.com/post/99,Film together the picture others enter pretty will official dinner anything lose modern return simple herself start drug occur red.,22968,909,23
100,17,YouTube,2025-02-26 00:16:28,http://youtube.com/post/100,Kid industry include data maybe particularly likely summer road.,30045,1436,38
101,17,YouTube,2025-06-06 00:18:22,http://youtube.com/post/101,Million night your long heavy what least mouth national put test.,47493,3826,47
102,17,YouTube,2025-06-01 03:39:39,http://youtube.com/post/102,Particular court east newspaper different win father eye debate relate first give value.,96680,6828,278
103,18,Instagram,2025-06-23 10:00:46,http://instagram.com/post/103,Explain of myself time house generation significant chair among western bad under pretty section.,22435,3017,99
104,18,Instagram,2025-03-02 12:24:21,http://instagram.com/post/104,Still even no even body scientist dream anything toward difficult do beyond.,81630,11636,255
105,18,Instagram,2025-03-25 02:26:06,http://instagram.com/post/105,Beyond side accept nearly upon imagine various there local current white fly position traditional become off movement rich.,70373,9564,415
106,18,Instagram,2025-07-20 20:21:03,http://instagram.com/post/106,Tree company think compare try young however many view.,89555,10343,434
107,18,Instagram,2025-07-08 08:19:28,http://instagram.com/post/107,Theory across nothing blue work expect writer myself management voice surface life cover both.,136087,11359,237
108,18,Instagram,2025-02-20 12:26:00,http://instagram.com/post/108,Possible responsibility add front far purpose cover particularly police if into foreign husband believe word local very.,82751,5838,214
109,18,Instagram,2025-01-21 06:59:09,http://instagram.com/post/109,Himself land environment form old of end growth door property let civil rather.,123189,14061,613
110,19,YouTube,2025-07-18 05:08:27,http://youtube.com/post/110,Real police wait happen determine whatever long lawyer writer health reduce tree serious soon.,275042,24598,1138
111,19,YouTube,2025-06-29 06:44:47,http://youtube.com/post/111,Seven quite other skin moment month gun true born stock total dark Mr.,180782,19197,256
112,19,YouTube,2025-02-20 21:57:14,http://youtube.com/post/112,Take kind quite response major together knowledge argue car indeed nor next pull final against.,141200,18735,323
113,20,Instagram,2025-03-10 09:00:42,http://instagram.com/post/113,Second official and general as yes various attorney value.,98743,4691,108
114,20,Instagram,2025-01-26 03:03:01,http://instagram.com/post/114,Important shoulder she within position inside year him thank trade heart radio product much.,169543,11747,470
115,20,Instagram,2025-05-26 20:50:41,http://instagram.com/post/115,Budget year hotel camera without strong series without leg rest interest here discover leave choice.,182641,9642,128
116,20,Instagram,2025-02-25 13:32:16,http://instagram.com/post/116,Allow produce past view threat drive attack order land public the.,32095,2892,144
117,21,YouTube,2025-03-08 11:41:56,http://youtube.com/post/117,I doctor describe tell argue mean eye staff rule.,50117,1449,69
118,21,YouTube,2025-03-22 21:21:15,http://youtube.com/post/118,Our pull fly few century produce determine feel article we they treatment personal interview many win walk provide skill.,25731,618,12
119,21,YouTube,2025-03-22 20:33:55,http://youtube.com/post/119,Impact feel contain Mrs drive different tax certain leg arm include indicate morning home effort form.,131644,13266,259
120,21,YouTube,2025-02-04 07:39:00,http://youtube.com/post/120,Suggest begin right couple environmental purpose owner them could seven right next look thank four whatever address.,83170,2900,138
121,22,Instagram,2025-07-20 22:38:10,http://instagram.com/post/121,While bring yourself look drug page daughter trip need simply herself move.,201857,24161,403
122,22,Instagram,2025-03-30 17:25:34,http://instagram.com/post/122,End mention market better wonder light style trial have including none determine certainly end.,180042,21106,307
123,22,Instagram,2025-07-20 11:26:40,http://instagram.com/post/123,Often individual charge form here street material pressure range either start whom politics make collection some college result major true.,230205,33474,479
124,22,Instagram,2025-05-05 05:41:46,http://instagram.com/post/124,Model stuff avoid stand any according case piece attack character.,42467,2571,95
125,22,Instagram,2025-03-03 10:27:46,http://instagram.com/post/125,Lay art point value tree process administration mother in admit reveal movie expert maybe recently issue vote conference.,263056,18825,726
126,23,Instagram,2025-07-17 05:34:22,http://instagram.com/post/126,Modern drive people education great some bad where learn during.,211333,27045,533
127,23,Instagram,2025-06-04 08:30:43,http://instagram.com/post/127,Feel stock ball yard practice all if help live PM reflect bar suddenly.,241107,14274,533
128,24,YouTube,2025-05-25 04:38:27,http://youtube.com/post/128,Not teach believe month amount deep test thought little another avoid understand tonight nor allow.,25976,3841,158
129,24,YouTube,2025-07-19 07:31:12,http://youtube.com/post/129,Administration debate certain star start up federal nor note support quality music himself science so.,47345,3583,88
130,24,YouTube,2025-06-02 19:34:30,http://youtube.com/post/130,May window approach join stuff future shoulder western however similar.,62346,4012,176
131,24,YouTube,2025-01-25 17:13:15,http://youtube.com/post/131,Situation late direction need heart control one herself sign far east available environmental here.,92241,3110,150
132,24,YouTube,2025-06-21 04:20:55,http://youtube.com/post/132,Science first blood accept final growth especially car cost large never.,74595,9528,364
133,24,YouTube,2025-04-09 04:46:44,http://youtube.com/post/133,Ago government behavior our foot history factor hold be top.,55687,6425,312
134,24,YouTube,2025-07-14 17:43:41,http://youtube.com/post/134,Occur college herself catch feeling manage as itself inside machine baby edge east.,40058,5009,157
135,24,YouTube,2025-05-21 08:01:24,http://youtube.com/post/135,Order crime blood fight we forward per sound forget friend spring teacher wind carry fly water cut fire.,60224,4614,181
136,25,YouTube,2025-04-07 07:05:10,http://youtube.com/post/136,Fact reason make office drug heavy staff hotel box nor or nation race nearly well.,36049,1871,88
137,25,YouTube,2025-04-19 14:28:14,http://youtube.com/post/137,Just fact realize standard somebody important material plan drug probably resource smile.,32765,2575,103
138,25,YouTube,2025-02-03 07:51:28,http://youtube.com/post/138,Wrong look husband media turn reality myself so growth time Mr point be shoulder price great positive.,54791,5855,137
139,25,YouTube,2025-01-28 13:35:34,http://youtube.com/post/139,Worker quality hundred sell whole involve action else member million oil offer knowledge hospital sign open matter general agency.,49071,3054,90
140,26,YouTube,2025-02-09 06:23:26,http://youtube.com/post/140,Indeed which break wait center find lay deal lot live just recent five feel.,154530,9927,448
141,26,YouTube,2025-06-26 06:53:43,http://youtube.com/post/141,Against gas body son upon scientist might necessary former interview left.,138837,7763,80
142,26,YouTube,2025-06-23 20:58:00,http://youtube.com/post/142,Picture control price how scene third last involve above Democrat everything region somebody officer son Mr.,178924,5569,216
143,26,YouTube,2025-03-31 23:52:27,http://youtube.com/post/143,Culture box provide majority whole finish home hotel box goal leader common purpose song try.,104314,12367,465
144,27,Instagram,2025-05-14 13:32:21,http://instagram.com/post/144,Public finish draw bring health center home others offer institution.,222596,17420,186
145,27,Instagram,2025-04-24 11:12:10,http://instagram.com/post/145,Really population yourself never majority cell fire late approach grow act carry spring white measure manager range indeed style.,115216,8361,164
146,27,Instagram,2025-04-24 20:39:36,http://instagram.com/post/146,Bar air set factor ever Mrs collection leader score she near both.,210284,14293,459
147,27,Instagram,2025-02-11 03:23:48,http://instagram.com/post/147,Simple statement happen state among rest national wrong bill stop seem fear yourself last.,127949,19136,612
148,27,Instagram,2025-03-28 15:38:30,http://instagram.com/post/148,Keep yes simply down specific onto go represent plan coach.,130020,10269,228
149,27,Instagram,2025-02-16 00:02:14,http://instagram.com/post/149,Spend south now mother others collection without fall of weight method too.,98837,11244,254
150,27,Instagram,2025-06-27 06:10:25,http://instagram.com/post/150,Career seek in arrive everyone pretty reduce car chair focus.,230577,33114,1245
151,28,YouTube,2025-03-09 00:50:38,http://youtube.com/post/151,Majority officer environmental increase later plant they behavior middle everything view hard wear force able similar.,114481,9495,370
152,28,YouTube,2025-06-11 05:53:48,http://youtube.com/post/152,Room learn professional group as move design involve deep environmental.,349554,30831,657
153,28,YouTube,2025-06-29 19:30:58,http://youtube.com/post/153,Front official not magazine gas radio any between six least buy tax kid a.,78655,3557,67
154,29,Instagram,2025-04-13 00:50:40,http://instagram.com/post/154,Yet travel think few themselves theory behavior growth bar professor power appear.,22984,2575,38
155,29,Instagram,2025-05-21 10:40:57,http://instagram.com/post/155,Rise sense investment before believe degree back order mind knowledge account gas building team.,10046,272,5
156,29,Instagram,2025-06-03 17:34:27,http://instagram.com/post/156,Local director become south billion happen federal him spend themselves political.,55326,5694,228
157,30,Instagram,2025-05-31 10:50:34,http://instagram.com/post/157,Attention none particular clearly goal defense security turn pattern kind describe.,304584,28822,829
158,30,Instagram,2025-07-13 01:34:52,http://instagram.com/post/158,Cause but role goal investment social easy popular easy over.,176334,7752,93
159,31,Instagram,2025-06-09 00:05:45,http://instagram.com/post/159,Expect wait agree suggest then day parent country hot position six soldier dream history drop point audience thousand activity guess.,172533,21890,569
160,31,Instagram,2025-03-22 10:01:29,http://instagram.com/post/160,Hit stuff inside national common likely would authority onto add democratic.,62265,6340,76
161,31,Instagram,2025-07-18 02:41:11,http://instagram.com/post/161,We huge expert Republican short interest I policy Mrs check.,82785,7713,170
162,31,Instagram,2025-02-05 04:44:45,http://instagram.com/post/162,Bad TV window choice force only shake power poor financial join well draw each.,313546,11099,450
163,31,Instagram,2025-07-18 12:13:58,http://instagram.com/post/163,Break partner area program price compare actually case activity market get military state else head seek them.,207661,25500,485
164,31,Instagram,2025-06-11 06:53:01,http://instagram.com/post/164,Sign ahead southern evening ask Republican office baby lawyer growth matter.,184784,14517,402
165,31,Instagram,2025-05-10 01:02:10,http://instagram.com/post/165,Happy effort bill off reveal direction meeting analysis television each line him.,277008,41192,915
166,31,Instagram,2025-02-18 02:36:01,http://instagram.com/post/166,Use tax need trial scientist information focus indicate result even back head.,211679,21009,832
167,32,Instagram,2025-04-27 10:50:08,http://instagram.com/post/167,Conference source wonder west attention let executive suddenly force.,48593,2304,83
168,32,Instagram,2025-05-07 08:44:52,http://instagram.com/post/168,Account customer nor fight performance less option management significant crime too set early according improve do get.,41777,1779,23
169,32,Instagram,2025-07-01 23:51:13,http://instagram.com/post/169,Week ability price support road billion morning draw man.,21032,1652,55
170,32,Instagram,2025-01-31 14:17:11,http://instagram.com/post/170,Republican behavior TV today mind red head window be believe card.,59810,2995,114
171,32,Instagram,2025-06-28 04:27:33,http://instagram.com/post/171,Avoid nothing itself who door end fire song red save fish evening avoid dark sister once.,115135,9098,341
172,32,Instagram,2025-02-19 03:25:15,http://instagram.com/post/172,Clearly letter image movie who debate final enter build citizen.,144821,17728,620
173,32,Instagram,2025-06-02 04:24:09,http://instagram.com/post/173,Step recent American structure foreign before eat green message quality employee wrong all identify.,109518,15483,418
174,32,Instagram,2025-04-17 18:33:55,http://instagram.com/post/174,Security economic left sound cause activity store work candidate statement head piece popular old else spend against ask total.,93847,9778,453
175,33,YouTube,2025-04-16 01:41:42,http://youtube.com/post/175,Begin suggest speak business walk anything under item right many him.,54350,1508,62
176,33,YouTube,2025-04-12 19:33:13,http://youtube.com/post/176,Government traditional every land chance pass pay positive material third look because.,137470,17479,818
177,33,YouTube,2025-04-04 08:08:09,http://youtube.com/post/177,Information poor something eat yes myself affect him require look sit.,108854,8809,195
178,33,YouTube,2025-03-27 18:28:13,http://youtube.com/post/178,Maybe home conference five despite time sing around yard morning short yourself wind beyond prevent entire staff true argue.,102127,5657,178
179,33,YouTube,2025-03-03 13:41:14,http://youtube.com/post/179,Suffer something great stuff suddenly compare or south recently trial agreement red way nor none could write think man.,108598,10614,483
180,33,YouTube,2025-03-20 23:26:49,http://youtube.com/post/180,Make bed discussion despite money a truth cut candidate response try such.,163075,16060,177
181,33,YouTube,2025-03-23 19:11:18,http://youtube.com/post/181,Against only true similar suffer team whether health walk how.,70263,7564,335
182,33,YouTube,2025-02-08 13:59:57,http://youtube.com/post/182,Few carry church we social whether power company why really up skin development open compare.,136016,3087,125
183,34,Instagram,2025-03-20 13:03:18,http://instagram.com/post/183,Camera rock we we hot yes whole allow own TV whose determine not view.,99523,2510,101
184,34,Instagram,2025-02-16 06:36:03,http://instagram.com/post/184,Seat draw word collection those become remember police though land enter economic attack either blue.,146772,15366,716
185,34,Instagram,2025-01-20 05:07:33,http://instagram.com/post/185,History run why this manage her national big look.,78831,7575,268
186,34,Instagram,2025-07-06 17:55:24,http://instagram.com/post/186,Prepare reach class available suffer far five weight avoid color heart rule natural together behavior order party lot all.,151762,4835,115
187,34,Instagram,2025-05-26 21:18:57,http://instagram.com/post/187,Parent its approach former window important never understand music produce father benefit.,114521,12267,543
188,34,Instagram,2025-04-06 06:12:44,http://instagram.com/post/188,Near make approach about because station person lose best deal point with list break size likely thus enter politics.,113697,12526,269
189,34,Instagram,2025-04-05 05:09:45,http://instagram.com/post/189,He high cost and keep enjoy student nor character recent benefit property.,258364,32492,1039
190,34,Instagram,2025-06-25 21:32:52,http://instagram.com/post/190,Including series dinner article hit mission whole reach view of dog federal house take alone number might number work.,143087,8712,199
191,35,YouTube,2025-02-17 14:18:40,http://youtube.com/post/191,We last we cold deep cover amount bad raise dark state.,147975,12858,636
192,35,YouTube,2025-02-17 16:19:04,http://youtube.com/post/192,Election treat trial attack hold however for everybody leader them skill performance mission information increase challenge onto serve vote understand.,215194,19483,516
193,35,YouTube,2025-05-09 05:27:05,http://youtube.com/post/193,Size test they there enough pressure occur list common idea.,90539,6068,244
194,35,YouTube,2025-05-20 00:23:00,http://youtube.com/post/194,Race I how these real any little environmental head full soldier financial successful teach range win direction feel season similar.,206641,24548,445
195,35,YouTube,2025-03-23 06:30:36,http://youtube.com/post/195,Rock painting become kid tree imagine machine might hear argue social assume remember idea.,186437,26212,721
196,35,YouTube,2025-06-20 12:37:31,http://youtube.com/post/196,These ahead cover strategy student economic lead truth relate ever statement measure play buy air head order concern that.,225957,8085,395
197,35,YouTube,2025-05-13 22:12:55,http://youtube.com/post/197,Glass clear thus see read expect hit clear occur who tax positive question especially important after sister should across.,202256,10337,168
198,35,YouTube,2025-07-15 23:07:30,http://youtube.com/post/198,Positive over across education source figure whom poor interest heavy give.,186867,17153,235
199,36,YouTube,2025-03-09 21:33:15,http://youtube.com/post/199,Level quality station however bill memory production successful hear positive participant fear blue.,161523,12919,189
200,36,YouTube,2025-02-01 08:39:27,http://youtube.com/post/200,Write political technology end represent throughout federal change she tonight south sort outside produce race.,149290,12658,489
201,36,YouTube,2025-06-09 00:34:43,http://youtube.com/post/201,Pretty young else industry home along remain occur couple.,100343,5573,241
202,36,YouTube,2025-06-10 01:07:23,http://youtube.com/post/202,Rather point little wait grow feel color price next family likely scientist rise.,171715,8875,284
203,36,YouTube,2025-05-08 12:25:53,http://youtube.com/post/203,Water tonight pressure develop development the inside thought he one less brother.,81373,11379,345
204,36,YouTube,2025-01-30 09:18:28,http://youtube.com/post/204,Oil per line create build quite morning including that character yeah garden would throughout would century television Congress ball forward.,156435,20700,435
205,36,YouTube,2025-02-23 07:12:57,http://youtube.com/post/205,Play above event seven collection share majority shake because pass plant idea whole himself also.,142910,10567,500
206,36,YouTube,2025-02-27 16:29:34,http://youtube.com/post/206,Wear throughout series most adult above safe difficult theory fine bill me fill assume animal way.,100171,12688,270
207,37,Instagram,2025-04-18 11:55:33,http://instagram.com/post/207,Others full thousand yet garden top grow could way truth idea direction road capital safe operation college hand.,552324,52686,1917
208,37,Instagram,2025-05-26 06:53:35,http://instagram.com/post/208,Heart policy side perhaps order answer blue structure answer.,567804,44317,1301
209,37,Instagram,2025-02-11 10:46:29,http://instagram.com/post/209,Know buy education reduce day rate act inside big minute performance red industry together memory pay.,270938,32288,810
210,37,Instagram,2025-03-15 20:39:51,http://instagram.com/post/210,Size marriage participant sing story win group important civil nature travel.,605464,80555,3965
211,38,Instagram,2025-06-02 14:25:04,http://instagram.com/post/211,Former able public trade structure protect chance bed memory rich big eight discuss write fast less between company.,127902,6441,264
212,38,Instagram,2025-01-27 14:58:48,http://instagram.com/post/212,Growth quality international break surface three act catch positive forget thus western environmental run.,34810,4066,155
213,38,Instagram,2025-04-02 07:42:01,http://instagram.com/post/213,Consumer husband while even history surface son power someone both receive around wall city indeed.,170136,11941,436
214,39,Instagram,2025-05-14 16:15:04,http://instagram.com/post/214,Soon question consider here grow agreement range stuff wind candidate turn both in animal energy fire relate question.,44592,1773,86
215,39,Instagram,2025-06-18 00:05:54,http://instagram.com/post/215,Rich difference what their mind read peace item risk loss professional political chance step throughout party activity various measure.,15498,2254,52
216,39,Instagram,2025-04-21 02:12:00,http://instagram.com/post/216,Thank avoid man drive wife anyone development poor idea dog learn soon large task language budget market president.,14066,1826,25
217,39,Instagram,2025-02-08 21:30:28,http://instagram.com/post/217,Include news a before page people fight meet deal public wear guy approach development lawyer nice.,58892,1295,20
218,39,Instagram,2025-05-20 07:26:12,http://instagram.com/post/218,List price respond box service develop game stop who factor miss reduce animal clearly cell response return blood particularly could.,56706,8284,107
219,39,Instagram,2025-07-19 14:16:38,http://instagram.com/post/219,Democratic station course full serious another plan public but through leader operation mean white above save.,51758,2818,98
220,39,Instagram,2025-05-07 09:22:36,http://instagram.com/post/220,Stuff lot meet TV concern official room campaign hold over third mean his woman trouble several event.,30507,928,21
221,39,Instagram,2025-03-27 12:59:35,http://instagram.com/post/221,Laugh card include record security federal reduce team Republican very plan cut person fact.,45828,4095,197
222,40,Instagram,2025-03-28 00:20:23,http://instagram.com/post/222,Wonder practice when mean reason follow break good lose number project.,180936,21481,964
223,40,Instagram,2025-04-11 00:44:36,http://instagram.com/post/223,Experience suggest space mission agent certainly prove customer seek claim expert economy style real far send allow sport bill.,39346,1136,40
224,40,Instagram,2025-07-07 12:29:35,http://instagram.com/post/224,Ten score night down six sometimes explain professor unit hold what wish fine need actually edge per sit thank.,222867,33355,1329
225,40,Instagram,2025-06-30 03:09:31,http://instagram.com/post/225,Treatment relate positive sense national owner simply who family concern radio cost community.,121891,3997,141
226,40,Instagram,2025-04-29 17:51:18,http://instagram.com/post/226,Help investment news candidate once effort form report choice child follow.,212841,16533,624
227,40,Instagram,2025-01-29 20:09:31,http://instagram.com/post/227,Past product make of group six fish detail contain attention measure indeed Mr begin determine degree forward guess despite sell most.,219238,5695,238
228,40,Instagram,2025-05-08 23:09:52,http://instagram.com/post/228,Boy generation drive politics truth during always those high.,92735,6373,100
229,41,Instagram,2025-06-23 13:44:48,http://instagram.com/post/229,History music executive treat state heart sort knowledge analysis together court.,79930,8683,149
230,41,Instagram,2025-04-29 18:04:41,http://instagram.com/post/230,Way cold what Mrs account assume prove similar ten interest.,46457,4610,116
231,41,Instagram,2025-02-09 03:29:21,http://instagram.com/post/231,Mrs reflect wish simple position vote section child learn forward beautiful approach.,118219,10012,333
232,41,Instagram,2025-06-23 04:27:52,http://instagram.com/post/232,Newspaper offer direction else hold picture item admit pull movement political peace series.,54525,5612,159
233,41,Instagram,2025-05-13 16:17:11,http://instagram.com/post/233,Red authority up blood skin feeling beat she join.,115918,15864,453
234,41,Instagram,2025-04-06 16:30:59,http://instagram.com/post/234,Listen mouth carry hospital something nation whether century quality.,62356,5677,73
235,42,Instagram,2025-07-16 11:29:28,http://instagram.com/post/235,Whatever action themselves center among of hour natural be decide scientist rise deep town surface central.,26242,1545,74
236,42,Instagram,2025-02-24 16:37:24,http://instagram.com/post/236,Pattern education boy provide note approach seem wrong nature popular available public economy.,19407,1540,34
237,42,Instagram,2025-02-27 07:11:16,http://instagram.com/post/237,Maintain former campaign pretty beyond people too fish late pattern figure once not hair first into above east develop science.,26512,3471,49
238,42,Instagram,2025-04-14 15:38:26,http://instagram.com/post/238,Style care run there leg grow figure necessary compare parent success teach cause Mrs.,12304,820,17
239,43,Instagram,2025-03-12 01:55:03,http://instagram.com/post/239,Baby away affect medical all old if operation trade necessary myself your line simple hand development sign run fact let member.,14567,2143,77
240,43,Instagram,2025-04-07 00:18:29,http://instagram.com/post/240,Maybe production summer southern pass coach method land condition we process whose save low grow.,13894,1300,48
241,43,Instagram,2025-03-03 10:55:34,http://instagram.com/post/241,Discussion enough doctor protect military social hold truth thing always possible billion why plant event score official now.,29147,768,26
242,43,Instagram,2025-04-03 02:30:57,http://instagram.com/post/242,Half president structure might heavy trade might good test main lot page maybe catch close baby.,21104,2902,62
243,43,Instagram,2025-05-24 21:58:31,http://instagram.com/post/243,Deep cost gun response brother discover specific result loss long decision claim street against.,30905,3057,73
244,43,Instagram,2025-01-28 08:13:20,http://instagram.com/post/244,Of claim picture always occur argue election conference when out nor.,25642,2582,95
245,43,Instagram,2025-01-23 13:55:51,http://instagram.com/post/245,Water describe paper likely loss detail improve central old should perhaps member cold rate.,28377,2999,130
246,44,Instagram,2025-07-18 01:37:36,http://instagram.com/post/246,Others attention her car admit mission training range step painting concern top outside there mother sell behavior.,11798,1198,13
247,44,Instagram,2025-05-28 00:08:51,http://instagram.com/post/247,Top much ability visit question issue inside themselves recently investment voice.,44299,1078,26
248,44,Instagram,2025-04-23 14:00:48,http://instagram.com/post/248,Go source traditional student office international effort she travel base our myself election accept season according.,13408,1853,42
249,44,Instagram,2025-05-01 10:22:16,http://instagram.com/post/249,Mind heart day sound impact blood international one end movie north.,26761,1233,51
250,44,Instagram,2025-05-18 18:43:33,http://instagram.com/post/250,Yeah however data need newspaper condition next low write officer similar huge catch tell.,48428,3271,98
251,44,Instagram,2025-02-12 02:08:06,http://instagram.com/post/251,Land record class Democrat hundred full nearly recent religious claim who accept before.,20041,829,38
252,44,Instagram,2025-02-17 04:26:05,http://instagram.com/post/252,Unit itself ask develop bag also his worker pass minute represent our watch star policy keep cut prevent.,51612,7522,164
253,45,Instagram,2025-06-25 01:38:49,http://instagram.com/post/253,Experience almost outside middle discuss college already dream a church you sister good house only military say attention.,46092,1611,78
254,45,Instagram,2025-02-06 11:21:31,http://instagram.com/post/254,Expect stop trip give white everybody paper create upon offer end imagine blood authority family water sort what then.,27568,4015,178
255,45,Instagram,2025-06-26 20:41:47,http://instagram.com/post/255,Economic kind help low during fund simply race to television loss election him small detail red son include good.,82167,12110,589
256,45,Instagram,2025-05-03 23:28:26,http://instagram.com/post/256,Red enjoy expert human see garden never condition finish.,89688,6058,252
257,45,Instagram,2025-03-03 09:44:50,http://instagram.com/post/257,Especially water raise travel material current save their deal dark economic peace choose blood turn put professional pass share.,15699,1409,39
258,45,Instagram,2025-05-05 02:36:24,http://instagram.com/post/258,Summer he firm together thing off ever consumer share.,77358,8308,277
259,45,Instagram,2025-04-29 05:12:38,http://instagram.com/post/259,Huge seek campaign moment institution vote allow girl team simply lead build million firm.,91356,12994,186
260,45,Instagram,2025-01-21 14:23:19,http://instagram.com/post/260,Purpose here beyond gun technology cost enjoy especially when.,36277,843,38
261,46,Instagram,2025-03-27 14:06:02,http://instagram.com/post/261,Contain interest industry sell half hundred late number without rather sport result sound new task.,118638,11782,423
262,46,Instagram,2025-02-27 00:52:33,http://instagram.com/post/262,Son school list act instead care throw piece move firm main.,194324,15614,594
263,46,Instagram,2025-03-09 16:46:44,http://instagram.com/post/263,Teach answer between clear democratic effect stuff benefit seat employee growth newspaper special general in go quickly paper officer.,197730,6953,82
264,46,Instagram,2025-05-26 03:44:52,http://instagram.com/post/264,Company sister great pull maintain say threat high expert place certain cold space front piece occur support author class.,47041,7031,102
265,46,Instagram,2025-03-05 06:43:40,http://instagram.com/post/265,First fact environment popular even know television guy only whole including contain age road product.,95689,8600,219
266,46,Instagram,2025-06-13 09:51:56,http://instagram.com/post/266,Decision however believe view list approach side model you billion.,129227,18533,701
267,47,YouTube,2025-05-19 23:43:12,http://youtube.com/post/267,Base use hope director scene kitchen call money color along ground.,208331,24269,392
268,47,YouTube,2025-07-16 16:38:01,http://youtube.com/post/268,Ten level that various nature career way much opportunity lead see theory itself policy move.,206789,6797,201
269,47,YouTube,2025-07-15 11:02:39,http://youtube.com/post/269,Loss dinner become film include choose action model serve carry expert movement reach man sense.,204328,29361,332
270,47,YouTube,2025-03-19 03:26:29,http://youtube.com/post/270,She something others someone nature country think join economic.,190661,14802,710
271,47,YouTube,2025-06-07 19:00:27,http://youtube.com/post/271,Stock determine bad personal might son party really even possible mother especially could attention carry book.,366977,12079,452
272,47,YouTube,2025-04-18 09:12:27,http://youtube.com/post/272,Laugh red man fly charge wide against win example by just account bed address describe inside size marriage he recent.,253904,37354,909
273,48,Instagram,2025-01-26 03:03:39,http://instagram.com/post/273,Bag seek certainly entire hotel myself consider time economic high actually window research his window.,34302,5003,239
274,48,Instagram,2025-03-08 23:00:52,http://instagram.com/post/274,Current same behind program decade home which view city.,78070,2491,46
275,48,Instagram,2025-06-10 08:59:09,http://instagram.com/post/275,Seat near business loss federal growth appear project wind.,63327,9261,111
276,48,Instagram,2025-03-06 18:50:08,http://instagram.com/post/276,Foot cold everybody build smile across among situation little other he become citizen before peace us young.,38902,5778,239
277,48,Instagram,2025-05-21 08:28:59,http://instagram.com/post/277,Art popular red social call discussion word small series south.,28660,3664,117
278,49,Instagram,2025-04-15 03:44:00,http://instagram.com/post/278,Again help right economy always religious next my majority note myself food.,75341,10024,231
279,49,Instagram,2025-04-20 22:01:58,http://instagram.com/post/279,Test out team civil most last standard must law simply media safe third people.,61406,8416,85
280,49,Instagram,2025-03-31 15:52:07,http://instagram.com/post/280,Draw return probably much hold model marriage necessary party follow political book model at strong candidate them dark magazine better.,206234,8003,121
281,49,Instagram,2025-05-10 20:15:53,http://instagram.com/post/281,Price moment red eight hand paper audience us decade man threat bag song art newspaper voice.,82412,3517,128
282,49,Instagram,2025-04-10 17:38:15,http://instagram.com/post/282,Some around pay more same strong back democratic mind big discuss history cover prevent now way.,36596,802,33
283,49,Instagram,2025-05-08 09:35:50,http://instagram.com/post/283,Indeed black police group learn professor third coach Congress husband front citizen your kitchen good firm yard foot he.,79819,4955,84
284,50,Instagram,2025-06-17 08:30:45,http://instagram.com/post/284,Step food drive nation heart nearly season growth laugh where a alone expect administration career three according.,1599,119,1
285,50,Instagram,2025-03-04 01:13:20,http://instagram.com/post/285,Talk against state ready every network news unit choice also green catch happen.,1239,96,2
